"Título","Cuentas que han realizado al menos un pago","Cuentas que han realizado al menos un cobro"
23/10/2019,19089,17717
24/10/2019,19706,18257
25/10/2019,20905,19383
26/10/2019,N/E,N/E
27/10/2019,N/E,N/E
28/10/2019,21367,19791
29/10/2019,22049,20371
30/10/2019,22948,21135
31/10/2019,23796,21858
01/11/2019,25529,23454
02/11/2019,N/E,N/E
03/11/2019,N/E,N/E
04/11/2019,26482,24246
05/11/2019,27401,25067
06/11/2019,28273,25833
07/11/2019,29277,26726
08/11/2019,31484,28736
09/11/2019,N/E,N/E
10/11/2019,N/E,N/E
11/11/2019,32252,29440
12/11/2019,33003,30075
13/11/2019,33885,30853
14/11/2019,35134,31395
15/11/2019,37986,34487
16/11/2019,N/E,N/E
17/11/2019,N/E,N/E
18/11/2019,N/E,N/E
19/11/2019,38795,35140
20/11/2019,39666,35861
21/11/2019,40537,36635
22/11/2019,42626,38418
23/11/2019,N/E,N/E
24/11/2019,N/E,N/E
25/11/2019,43300,38953
26/11/2019,44084,39595
27/11/2019,44951,40332
28/11/2019,45938,41134
29/11/2019,48431,43143
30/11/2019,N/E,N/E
01/12/2019,N/E,N/E
02/12/2019,49372,43792
03/12/2019,50402,44604
04/12/2019,51430,45399
05/12/2019,52819,46172
06/12/2019,54775,47821
07/12/2019,N/E,N/E
08/12/2019,N/E,N/E
09/12/2019,55640,48506
10/12/2019,56541,49262
11/12/2019,57437,49997
12/12/2019,58144,50600
13/12/2019,61898,52554
14/12/2019,N/E,N/E
15/12/2019,N/E,N/E
16/12/2019,62715,53211
17/12/2019,63533,53842
18/12/2019,64328,54479
19/12/2019,65288,55283
20/12/2019,67161,57043
21/12/2019,N/E,N/E
22/12/2019,N/E,N/E
23/12/2019,67708,57530
24/12/2019,68153,57924
25/12/2019,68390,58167
26/12/2019,68890,58621
27/12/2019,70129,59738
28/12/2019,N/E,N/E
29/12/2019,N/E,N/E
30/12/2019,70694,60214
31/12/2019,71128,60603
01/01/2020,71373,60849
02/01/2020,71995,61384
03/01/2020,73717,63033
04/01/2020,N/E,N/E
05/01/2020,N/E,N/E
06/01/2020,74432,63637
07/01/2020,75004,64137
08/01/2020,75670,64755
09/01/2020,76340,65295
10/01/2020,78011,66741
11/01/2020,N/E,N/E
12/01/2020,N/E,N/E
13/01/2020,78775,67255
14/01/2020,79615,67890
15/01/2020,80705,68964
16/01/2020,81513,69364
17/01/2020,83126,70758
18/01/2020,N/E,N/E
19/01/2020,N/E,N/E
20/01/2020,83724,71206
21/01/2020,84253,71651
22/01/2020,84831,72101
23/01/2020,85339,72551
24/01/2020,86583,73568
25/01/2020,N/E,N/E
26/01/2020,N/E,N/E
27/01/2020,87072,74075
28/01/2020,87674,74508
29/01/2020,88362,75020
30/01/2020,89276,75765
31/01/2020,91706,77893
01/02/2020,N/E,N/E
02/02/2020,N/E,N/E
03/02/2020,N/E,N/E
04/02/2020,92387,78431
05/02/2020,93049,78971
06/02/2020,93725,79483
07/02/2020,95106,80701
08/02/2020,N/E,N/E
09/02/2020,N/E,N/E
10/02/2020,95697,81190
11/02/2020,96315,81624
12/02/2020,96984,82122
13/02/2020,97742,82730
14/02/2020,100040,84556
15/02/2020,N/E,N/E
16/02/2020,N/E,N/E
17/02/2020,100753,85112
18/02/2020,101413,85621
19/02/2020,102085,86181
20/02/2020,102808,86776
21/02/2020,104519,88163
22/02/2020,N/E,N/E
23/02/2020,N/E,N/E
24/02/2020,105155,88664
25/02/2020,105796,89153
26/02/2020,106438,89657
27/02/2020,107066,90181
28/02/2020,109102,91868
29/02/2020,N/E,N/E
01/03/2020,N/E,N/E
02/03/2020,109789,92418
03/03/2020,110632,93186
04/03/2020,111518,93946
05/03/2020,112336,94611
06/03/2020,114084,96130
07/03/2020,N/E,N/E
08/03/2020,N/E,N/E
09/03/2020,114659,96586
10/03/2020,115278,97070
11/03/2020,115874,97630
12/03/2020,116552,98326
13/03/2020,118854,100205
14/03/2020,N/E,N/E
15/03/2020,N/E,N/E
16/03/2020,N/E,N/E
17/03/2020,119382,100660
18/03/2020,119920,101108
19/03/2020,120417,101583
20/03/2020,121697,102763
21/03/2020,N/E,N/E
22/03/2020,N/E,N/E
23/03/2020,122131,103170
24/03/2020,122549,103546
25/03/2020,122950,103889
26/03/2020,123418,104303
27/03/2020,124680,105464
28/03/2020,N/E,N/E
29/03/2020,N/E,N/E
30/03/2020,125265,105982
31/03/2020,125877,106557
01/04/2020,126421,107050
02/04/2020,127129,107651
03/04/2020,128608,108939
04/04/2020,N/E,N/E
05/04/2020,N/E,N/E
06/04/2020,129120,109386
07/04/2020,129633,109838
08/04/2020,130166,110318
09/04/2020,130693,110791
10/04/2020,131791,111840
11/04/2020,N/E,N/E
12/04/2020,N/E,N/E
13/04/2020,132303,112290
14/04/2020,132935,112867
15/04/2020,133559,113444
16/04/2020,134185,114030
17/04/2020,135735,115396
18/04/2020,N/E,N/E
19/04/2020,N/E,N/E
20/04/2020,136236,115823
21/04/2020,136724,116222
22/04/2020,137198,116621
23/04/2020,137703,117051
24/04/2020,139021,118252
25/04/2020,N/E,N/E
26/04/2020,N/E,N/E
27/04/2020,139510,118695
28/04/2020,140047,119110
29/04/2020,140657,119619
30/04/2020,141290,120111
01/05/2020,142868,121637
02/05/2020,N/E,N/E
03/05/2020,N/E,N/E
04/05/2020,143522,122218
05/05/2020,144161,122776
06/05/2020,145538,124041
07/05/2020,146181,124577
08/05/2020,147744,126037
09/05/2020,N/E,N/E
10/05/2020,N/E,N/E
11/05/2020,148209,126439
12/05/2020,148782,126920
13/05/2020,149379,127400
14/05/2020,150101,127997
15/05/2020,151971,129646
16/05/2020,N/E,N/E
17/05/2020,N/E,N/E
18/05/2020,152581,130127
19/05/2020,153164,130603
20/05/2020,153742,131081
21/05/2020,154326,131567
22/05/2020,155978,133019
23/05/2020,N/E,N/E
24/05/2020,N/E,N/E
25/05/2020,156593,133524
26/05/2020,157258,134105
27/05/2020,157851,134626
28/05/2020,158628,135290
29/05/2020,160710,137041
30/05/2020,N/E,N/E
31/05/2020,N/E,N/E
01/06/2020,161400,137587
02/06/2020,162002,138118
03/06/2020,162675,138691
04/06/2020,163360,139333
05/06/2020,165135,140949
06/06/2020,N/E,N/E
07/06/2020,N/E,N/E
08/06/2020,165687,141426
09/06/2020,166279,141940
10/06/2020,166812,142386
11/06/2020,167424,142915
12/06/2020,169279,144618
13/06/2020,N/E,N/E
14/06/2020,N/E,N/E
15/06/2020,169988,145220
16/06/2020,170659,145787
17/06/2020,171281,146297
18/06/2020,171937,146856
19/06/2020,173637,148320
20/06/2020,N/E,N/E
21/06/2020,N/E,N/E
22/06/2020,174165,148821
23/06/2020,174660,149257
24/06/2020,175194,149728
25/06/2020,175790,150224
26/06/2020,177461,151709
27/06/2020,N/E,N/E
28/06/2020,N/E,N/E
29/06/2020,178068,152223
30/06/2020,178768,152814
01/07/2020,179418,153422
02/07/2020,180166,154047
03/07/2020,181992,155665
04/07/2020,N/E,N/E
05/07/2020,N/E,N/E
06/07/2020,182566,156163
07/07/2020,183119,156633
08/07/2020,183778,157205
09/07/2020,184452,157833
10/07/2020,186467,159632
11/07/2020,N/E,N/E
12/07/2020,N/E,N/E
13/07/2020,187114,160255
14/07/2020,187918,160940
15/07/2020,188829,161722
16/07/2020,189696,162507
17/07/2020,191994,164558
18/07/2020,N/E,N/E
19/07/2020,N/E,N/E
20/07/2020,192791,165273
21/07/2020,193516,165951
22/07/2020,194429,166787
23/07/2020,195467,167688
24/07/2020,197765,169720
25/07/2020,N/E,N/E
26/07/2020,N/E,N/E
27/07/2020,198663,170588
28/07/2020,199590,171552
29/07/2020,200476,172239
30/07/2020,201579,173231
31/07/2020,204608,175549
01/08/2020,N/E,N/E
02/08/2020,N/E,N/E
03/08/2020,205567,176242
04/08/2020,206457,176956
05/08/2020,207420,177703
06/08/2020,208295,178363
07/08/2020,210852,180458
08/08/2020,N/E,N/E
09/08/2020,N/E,N/E
10/08/2020,211632,181083
11/08/2020,212397,181699
12/08/2020,213185,182312
13/08/2020,214072,183082
14/08/2020,216957,185521
15/08/2020,N/E,N/E
16/08/2020,N/E,N/E
17/08/2020,217761,186157
18/08/2020,218655,186875
19/08/2020,219504,187565
20/08/2020,220422,188283
21/08/2020,223085,190454
22/08/2020,N/E,N/E
23/08/2020,N/E,N/E
24/08/2020,223874,191099
25/08/2020,224677,191743
26/08/2020,225434,192371
27/08/2020,226321,193120
28/08/2020,229042,195402
29/08/2020,N/E,N/E
30/08/2020,N/E,N/E
31/08/2020,229870,196072
01/09/2020,230790,196786
02/09/2020,231730,197539
03/09/2020,232696,198336
04/09/2020,235151,200390
05/09/2020,N/E,N/E
06/09/2020,N/E,N/E
07/09/2020,235940,201016
08/09/2020,236725,201638
09/09/2020,237471,202231
10/09/2020,238218,202854
11/09/2020,240563,204791
12/09/2020,N/E,N/E
13/09/2020,N/E,N/E
14/09/2020,241320,205354
15/09/2020,242282,206108
16/09/2020,242983,206689
17/09/2020,243725,207307
18/09/2020,245797,209053
19/09/2020,N/E,N/E
20/09/2020,N/E,N/E
21/09/2020,246427,209539
22/09/2020,247116,210052
23/09/2020,247829,210624
24/09/2020,248560,211190
25/09/2020,250650,212957
26/09/2020,N/E,N/E
27/09/2020,N/E,N/E
28/09/2020,251352,213521
29/09/2020,252110,214118
30/09/2020,252956,214693
01/10/2020,253809,215268
02/10/2020,256226,217209
03/10/2020,N/E,N/E
04/10/2020,N/E,N/E
05/10/2020,256889,217727
06/10/2020,257612,218273
07/10/2020,258268,218762
08/10/2020,259070,219360
09/10/2020,261014,220907
10/10/2020,N/E,N/E
11/10/2020,N/E,N/E
12/10/2020,261644,221430
13/10/2020,262358,221975
14/10/2020,263195,222604
15/10/2020,264112,223256
16/10/2020,266296,224984
17/10/2020,N/E,N/E
18/10/2020,N/E,N/E
19/10/2020,266951,225490
20/10/2020,267614,225987
21/10/2020,268359,226494
22/10/2020,269103,227028
23/10/2020,271101,228577
24/10/2020,N/E,N/E
25/10/2020,N/E,N/E
26/10/2020,271753,229072
27/10/2020,272395,229552
28/10/2020,273172,230113
29/10/2020,273967,230718
30/10/2020,276248,232525
31/10/2020,N/E,N/E
01/11/2020,N/E,N/E
02/11/2020,276896,233089
03/11/2020,277568,233546
04/11/2020,278343,234136
05/11/2020,279407,235026
06/11/2020,281559,236798
07/11/2020,N/E,N/E
08/11/2020,N/E,N/E
09/11/2020,282185,237290
10/11/2020,282975,237908
11/11/2020,283778,238540
12/11/2020,284647,239169
13/11/2020,287446,241285
14/11/2020,N/E,N/E
15/11/2020,N/E,N/E
16/11/2020,288257,241913
17/11/2020,289129,242560
18/11/2020,289933,243135
19/11/2020,290865,243846
20/11/2020,293346,245734
21/11/2020,N/E,N/E
22/11/2020,N/E,N/E
23/11/2020,294190,246337
24/11/2020,294998,246948
25/11/2020,295802,247556
26/11/2020,296643,248125
27/11/2020,299566,250161
28/11/2020,N/E,N/E
29/11/2020,N/E,N/E
30/11/2020,300564,250779
01/12/2020,301857,251560
02/12/2020,303127,252477
03/12/2020,304532,253428
04/12/2020,309270,255438
05/12/2020,N/E,N/E
06/12/2020,N/E,N/E
07/12/2020,310418,256061
08/12/2020,311529,256850
09/12/2020,312573,257610
10/12/2020,313782,258383
11/12/2020,316867,260695
12/12/2020,N/E,N/E
13/12/2020,N/E,N/E
14/12/2020,318009,261587
15/12/2020,319506,262694
16/12/2020,320848,263689
17/12/2020,322102,264599
18/12/2020,325141,266870
19/12/2020,N/E,N/E
20/12/2020,N/E,N/E
21/12/2020,326269,267727
22/12/2020,327424,268713
23/12/2020,328655,269690
24/12/2020,329473,270344
25/12/2020,331046,271623
26/12/2020,N/E,N/E
27/12/2020,N/E,N/E
28/12/2020,331986,272311
29/12/2020,333085,273198
30/12/2020,334233,274078
31/12/2020,335190,274807
01/01/2021,337204,276324
02/01/2021,N/E,N/E
03/01/2021,N/E,N/E
04/01/2021,338072,276897
05/01/2021,339338,277881
06/01/2021,340485,278863
07/01/2021,341754,279992
08/01/2021,344320,282118
09/01/2021,N/E,N/E
10/01/2021,N/E,N/E
11/01/2021,345407,283077
12/01/2021,347094,284664
13/01/2021,349424,286835
14/01/2021,351757,289177
15/01/2021,357193,294111
16/01/2021,N/E,N/E
17/01/2021,N/E,N/E
18/01/2021,359286,296176
19/01/2021,362645,299787
20/01/2021,366346,304097
21/01/2021,369657,307879
22/01/2021,374627,313251
23/01/2021,N/E,N/E
24/01/2021,N/E,N/E
25/01/2021,377289,316361
26/01/2021,380781,320573
27/01/2021,383787,324200
28/01/2021,387241,328329
29/01/2021,391294,331444
30/01/2021,N/E,N/E
31/01/2021,N/E,N/E
01/02/2021,392048,331973
02/02/2021,393478,333374
03/02/2021,395525,335531
04/02/2021,397798,338180
05/02/2021,401462,341882
06/02/2021,N/E,N/E
07/02/2021,N/E,N/E
08/02/2021,403192,343870
09/02/2021,405080,346026
10/02/2021,407269,348495
11/02/2021,409680,351152
12/02/2021,413451,354764
13/02/2021,N/E,N/E
14/02/2021,N/E,N/E
15/02/2021,415196,356510
16/02/2021,417153,358550
17/02/2021,418964,360460
18/02/2021,420643,362173
19/02/2021,423793,365232
20/02/2021,N/E,N/E
21/02/2021,N/E,N/E
22/02/2021,425325,366834
23/02/2021,427041,368694
24/02/2021,428821,370579
25/02/2021,430731,372587
26/02/2021,434450,375938
27/02/2021,N/E,N/E
28/02/2021,N/E,N/E
01/03/2021,435819,377000
02/03/2021,437382,378471
03/03/2021,438997,380011
04/03/2021,440582,381538
05/03/2021,443649,384311
06/03/2021,N/E,N/E
07/03/2021,N/E,N/E
08/03/2021,444748,385380
09/03/2021,445989,386544
10/03/2021,447352,387795
11/03/2021,448797,389180
12/03/2021,451631,391380
13/03/2021,N/E,N/E
14/03/2021,N/E,N/E
15/03/2021,452305,391942
16/03/2021,453512,393044
17/03/2021,454619,394101
18/03/2021,455737,395099
19/03/2021,458207,397276
20/03/2021,N/E,N/E
21/03/2021,N/E,N/E
22/03/2021,459233,398226
23/03/2021,460258,399259
24/03/2021,461395,400350
25/03/2021,462538,401417
26/03/2021,465085,403686
27/03/2021,N/E,N/E
28/03/2021,N/E,N/E
29/03/2021,466167,404638
30/03/2021,467218,405457
31/03/2021,468676,406661
01/04/2021,469562,407417
02/04/2021,471270,408814
03/04/2021,N/E,N/E
04/04/2021,N/E,N/E
05/04/2021,472185,409531
06/04/2021,473341,410535
07/04/2021,474636,411757
08/04/2021,476061,413028
09/04/2021,478702,415424
10/04/2021,N/E,N/E
11/04/2021,N/E,N/E
12/04/2021,479971,416599
13/04/2021,481476,418189
14/04/2021,483332,420104
15/04/2021,485838,422620
16/04/2021,489927,426607
17/04/2021,N/E,N/E
18/04/2021,N/E,N/E
19/04/2021,491633,428314
20/04/2021,493815,430599
21/04/2021,496080,433021
22/04/2021,498538,435713
23/04/2021,502460,439625
24/04/2021,N/E,N/E
25/04/2021,N/E,N/E
26/04/2021,504479,441726
27/04/2021,507097,444530
28/04/2021,509868,447457
29/04/2021,512596,450369
30/04/2021,516372,453897
01/05/2021,N/E,N/E
02/05/2021,N/E,N/E
03/05/2021,517861,455322
04/05/2021,519338,456695
05/05/2021,520642,457875
06/05/2021,521834,459001
07/05/2021,524259,461115
08/05/2021,N/E,N/E
09/05/2021,N/E,N/E
10/05/2021,525133,461885
11/05/2021,526045,462633
12/05/2021,527011,463444
13/05/2021,528065,464252
14/05/2021,530917,466451
15/05/2021,N/E,N/E
16/05/2021,N/E,N/E
17/05/2021,531970,467271
18/05/2021,532949,468046
19/05/2021,533898,468814
20/05/2021,534871,469657
21/05/2021,537142,471490
22/05/2021,N/E,N/E
23/05/2021,N/E,N/E
24/05/2021,537995,472157
25/05/2021,538906,472836
26/05/2021,539820,473609
27/05/2021,540944,474432
28/05/2021,543659,476535
29/05/2021,N/E,N/E
30/05/2021,N/E,N/E
31/05/2021,544702,477337
01/06/2021,545541,477989
02/06/2021,546375,478563
03/06/2021,547263,479202
04/06/2021,549296,480692
05/06/2021,N/E,N/E
06/06/2021,N/E,N/E
07/06/2021,549947,481218
08/06/2021,550585,481717
09/06/2021,551281,482236
10/06/2021,552100,482813
11/06/2021,554120,484312
12/06/2021,N/E,N/E
13/06/2021,N/E,N/E
14/06/2021,554854,484809
15/06/2021,555703,485410
16/06/2021,556410,485934
17/06/2021,557226,486532
18/06/2021,558047,487113
19/06/2021,558704,487597
20/06/2021,559200,487964
21/06/2021,559895,488481
22/06/2021,560573,488984
23/06/2021,561282,489512
24/06/2021,562033,490097
25/06/2021,562900,490793
26/06/2021,563565,491269
27/06/2021,563975,491585
28/06/2021,564795,492136
29/06/2021,565698,492783
30/06/2021,566732,493528
01/07/2021,567734,494242
02/07/2021,568781,494995
03/07/2021,569595,495589
04/07/2021,570257,496054
05/07/2021,571159,496632
06/07/2021,572016,497212
07/07/2021,572947,497839
08/07/2021,573886,498520
09/07/2021,575002,499233
10/07/2021,575927,499814
11/07/2021,576607,500250
12/07/2021,577492,500858
13/07/2021,578502,501581
14/07/2021,579691,502421
15/07/2021,581022,503299
16/07/2021,582358,504206
17/07/2021,583411,504898
18/07/2021,584174,505376
19/07/2021,585136,506020
20/07/2021,586082,506692
21/07/2021,587099,507348
22/07/2021,587994,507981
23/07/2021,589100,508711
24/07/2021,589974,509241
25/07/2021,590648,509677
26/07/2021,591469,510231
27/07/2021,592431,510947
28/07/2021,593404,511627
29/07/2021,594553,512423
30/07/2021,595815,513234
31/07/2021,596767,513840
01/08/2021,597419,514295
02/08/2021,598260,514862
03/08/2021,599152,515518
04/08/2021,600088,516159
05/08/2021,600961,516826
06/08/2021,601889,517477
07/08/2021,602629,518030
08/08/2021,603561,518693
09/08/2021,604105,519078
10/08/2021,605000,519695
11/08/2021,605886,520329
12/08/2021,606985,521090
13/08/2021,608376,522045
14/08/2021,609454,522797
15/08/2021,610267,523360
16/08/2021,611243,524016
17/08/2021,612244,524683
18/08/2021,613204,525347
19/08/2021,614243,526075
20/08/2021,615374,526887
21/08/2021,616196,527450
22/08/2021,616681,527665
23/08/2021,617643,528300
24/08/2021,618594,528956
25/08/2021,619587,529646
26/08/2021,620522,530338
27/08/2021,621685,531182
28/08/2021,622626,531866
29/08/2021,623445,532430
30/08/2021,624525,533173
31/08/2021,625658,533801
01/09/2021,626862,534556
02/09/2021,628078,535426
03/09/2021,629463,536307
04/09/2021,630634,537052
05/09/2021,631417,537267
06/09/2021,632455,538286
07/09/2021,633423,538914
08/09/2021,634525,539593
09/09/2021,635706,540360
10/09/2021,637005,541198
11/09/2021,638082,541889
12/09/2021,638556,542220
13/09/2021,639723,542931
14/09/2021,640997,543762
15/09/2021,642482,544691
16/09/2021,643466,545332
17/09/2021,644721,546154
18/09/2021,645889,546937
19/09/2021,646797,547571
20/09/2021,647915,548250
21/09/2021,649010,548938
22/09/2021,650193,549641
23/09/2021,651408,550358
24/09/2021,652732,551206
25/09/2021,653839,551874
26/09/2021,654620,552344
27/09/2021,655636,552964
28/09/2021,656748,553591
29/09/2021,657947,554313
30/09/2021,659438,555195
01/10/2021,661012,556028
02/10/2021,662073,556630
03/10/2021,662825,557050
04/10/2021,663773,557561
05/10/2021,664871,558138
06/10/2021,665936,558649
07/10/2021,667063,559247
08/10/2021,668404,560037
09/10/2021,669557,560750
10/10/2021,670316,561258
11/10/2021,671443,561842
12/10/2021,672590,562457
13/10/2021,673841,563144
14/10/2021,675250,564002
15/10/2021,676861,564872
16/10/2021,678183,565701
17/10/2021,679189,566266
18/10/2021,680384,566942
19/10/2021,681554,567579
20/10/2021,682601,568197
21/10/2021,683785,568902
22/10/2021,685143,569703
23/10/2021,686246,570339
24/10/2021,687144,570866
25/10/2021,688215,571523
26/10/2021,689340,572189
27/10/2021,690524,572880
28/10/2021,691862,573685
29/10/2021,693499,574633
30/10/2021,694915,575410
31/10/2021,695949,575975
01/11/2021,697080,576674
02/11/2021,698130,577246
03/11/2021,699417,577911
04/11/2021,700698,578620
05/11/2021,701959,579386
06/11/2021,703011,580016
07/11/2021,703802,580444
08/11/2021,704816,581021
09/11/2021,705904,581699
10/11/2021,707085,582417
11/11/2021,708304,583152
12/11/2021,709710,583915
13/11/2021,711070,584690
14/11/2021,712082,585288
15/11/2021,713067,585830
16/11/2021,714192,586483
17/11/2021,715294,587121
18/11/2021,716464,587824
19/11/2021,717779,588613
20/11/2021,718883,589246
21/11/2021,719691,589719
22/11/2021,720616,590272
23/11/2021,721597,590862
24/11/2021,722709,591528
25/11/2021,723903,592199
26/11/2021,725302,592992
27/11/2021,726407,593599
28/11/2021,727292,594075
29/11/2021,728487,594759
30/11/2021,729912,595554
01/12/2021,731254,596255
02/12/2021,732669,597144
03/12/2021,734203,597987
04/12/2021,736679,598685
05/12/2021,737528,599183
06/12/2021,738754,599858
07/12/2021,739977,600563
08/12/2021,741269,601314
09/12/2021,742628,602101
10/12/2021,744117,602938
11/12/2021,745308,603612
12/12/2021,746173,604176
13/12/2021,747375,604803
14/12/2021,748802,605537
15/12/2021,750360,606428
16/12/2021,751793,607173
17/12/2021,753347,607979
18/12/2021,754641,608734
19/12/2021,755726,609291
20/12/2021,757045,609955
21/12/2021,758426,610650
22/12/2021,759711,611352
23/12/2021,761049,612106
24/12/2021,762236,612680
25/12/2021,762867,613037
26/12/2021,763639,613443
27/12/2021,764738,613933
28/12/2021,765842,614471
29/12/2021,767038,615104
30/12/2021,768446,615782
31/12/2021,769734,616361
01/01/2022,770375,616690
02/01/2022,771238,617093
03/01/2022,772429,617618
04/01/2022,773481,618197
05/01/2022,774727,618836
06/01/2022,775951,619500
07/01/2022,777227,620159
08/01/2022,778205,620627
09/01/2022,778979,620979
10/01/2022,779958,621468
11/01/2022,780899,621959
12/01/2022,781817,622442
13/01/2022,782928,622990
14/01/2022,784127,623597
15/01/2022,785226,624135
16/01/2022,785974,624532
17/01/2022,786938,624966
18/01/2022,787881,625416
19/01/2022,788851,625858
20/01/2022,789881,626391
21/01/2022,791102,627013
22/01/2022,792004,627496
23/01/2022,792770,627845
24/01/2022,793755,628324
25/01/2022,794816,628846
26/01/2022,795857,629332
27/01/2022,796927,629875
28/01/2022,798361,630590
29/01/2022,799389,631120
30/01/2022,800208,631497
31/01/2022,801374,632049
01/02/2022,802446,632593
02/02/2022,803427,633082
03/02/2022,804522,633660
04/02/2022,805786,634366
05/02/2022,806767,634825
06/02/2022,807515,635201
07/02/2022,808314,635591
08/02/2022,809288,636028
09/02/2022,810289,636506
10/02/2022,811373,637090
11/02/2022,813833,638322
12/02/2022,813833,638322
13/02/2022,814747,638781
14/02/2022,815925,639430
15/02/2022,817183,640042
16/02/2022,818474,640669
17/02/2022,819675,641273
18/02/2022,821029,641959
19/02/2022,822075,642485
20/02/2022,822930,642887
21/02/2022,824020,643386
22/02/2022,825041,643880
23/02/2022,826051,644383
24/02/2022,827121,644928
25/02/2022,828373,645605
26/02/2022,829498,646199
27/02/2022,830383,646606
28/02/2022,831548,647117
01/03/2022,832711,647648
02/03/2022,833903,648242
03/03/2022,835026,648882
04/03/2022,836281,649537
05/03/2022,837367,650039
06/03/2022,838084,650436
07/03/2022,839129,650967
08/03/2022,840088,651440
09/03/2022,841054,651958
10/03/2022,842175,652525
11/03/2022,843389,653190
12/03/2022,844420,653737
13/03/2022,845258,654181
14/03/2022,846251,654726
15/03/2022,847491,655347
16/03/2022,848724,655986
17/03/2022,849866,656602
18/03/2022,851129,657278
19/03/2022,852087,657777
20/03/2022,852889,658194
21/03/2022,853722,658608
22/03/2022,854636,659025
23/03/2022,855707,659578
24/03/2022,856767,660123
25/03/2022,858026,660809
26/03/2022,858997,661317
27/03/2022,859755,661717
28/03/2022,860733,662242
29/03/2022,861805,662799
30/03/2022,863207,663467
31/03/2022,864593,664216
01/04/2022,865921,664861
02/04/2022,866977,665439
03/04/2022,867808,665884
04/04/2022,868873,666463
05/04/2022,869907,667019
06/04/2022,870993,667633
07/04/2022,872172,668276
08/04/2022,873524,668967
09/04/2022,874517,669491
10/04/2022,875224,669859
11/04/2022,876251,670347
12/04/2022,877249,670883
13/04/2022,878537,671507
14/04/2022,879739,672059
15/04/2022,880679,672515
16/04/2022,881568,672979
17/04/2022,882383,673359
18/04/2022,883356,673765
19/04/2022,884330,674208
20/04/2022,885370,674738
21/04/2022,886439,675282
22/04/2022,887816,675995
23/04/2022,888822,676498
24/04/2022,889566,676891
25/04/2022,890524,677401
26/04/2022,891575,677918
27/04/2022,892657,678487
28/04/2022,893973,679163
29/04/2022,895515,679900
30/04/2022,896672,680507
01/05/2022,897567,680942
02/05/2022,898532,681504
03/05/2022,899544,682051
04/05/2022,900671,682601
05/05/2022,901850,683201
06/05/2022,903262,683845
07/05/2022,904309,684350
08/05/2022,905095,684762
09/05/2022,906115,685298
10/05/2022,907199,685851
11/05/2022,908302,686369
12/05/2022,909616,686914
13/05/2022,911329,687662
14/05/2022,912523,688268
15/05/2022,913427,688710
16/05/2022,914570,689230
17/05/2022,915686,689765
18/05/2022,916879,690298
19/05/2022,918002,690866
20/05/2022,919334,691530
21/05/2022,920384,692024
22/05/2022,921176,692383
23/05/2022,922132,692847
24/05/2022,923242,693410
25/05/2022,924289,693960
26/05/2022,925150,694408
27/05/2022,926433,694989
28/05/2022,927438,695504
29/05/2022,928193,695861
30/05/2022,929346,696384
31/05/2022,930712,696952
01/06/2022,931915,697553
02/06/2022,933216,698167
03/06/2022,934730,698844
04/06/2022,935781,699375
05/06/2022,936456,699777
06/06/2022,937446,700279
07/06/2022,938481,700741
08/06/2022,939588,701248
09/06/2022,940735,701749
10/06/2022,942214,702444
11/06/2022,943230,702901
12/06/2022,944033,703314
13/06/2022,945093,703824
14/06/2022,946269,704429
15/06/2022,947542,705060
16/06/2022,948910,705706
17/06/2022,950374,706419
18/06/2022,951478,706951
19/06/2022,952286,707353
20/06/2022,953320,707785
21/06/2022,954382,708275
22/06/2022,955550,708786
23/06/2022,956793,709297
24/06/2022,958325,709894
25/06/2022,959279,710310
26/06/2022,960044,710670
27/06/2022,961152,711143
28/06/2022,962297,711590
29/06/2022,963646,712166
30/06/2022,965231,712859
01/07/2022,966822,713617
02/07/2022,968059,714138
03/07/2022,968948,714509
04/07/2022,970117,714993
05/07/2022,971338,715477
06/07/2022,972484,715921
07/07/2022,973713,716456
08/07/2022,974975,716961
09/07/2022,975921,717396
10/07/2022,976776,717717
11/07/2022,977738,718110
12/07/2022,978715,718540
13/07/2022,979715,719014
14/07/2022,981018,719555
15/07/2022,982708,720258
16/07/2022,983821,720740
17/07/2022,984652,721096
18/07/2022,985792,721543
19/07/2022,986916,721987
20/07/2022,988035,722437
21/07/2022,989298,722993
22/07/2022,990790,723641
23/07/2022,991883,724103
24/07/2022,992669,724422
25/07/2022,993794,724861
26/07/2022,994997,725332
27/07/2022,996211,725788
28/07/2022,997712,726553
29/07/2022,999622,727448
30/07/2022,1001003,728090
31/07/2022,1001952,728487
01/08/2022,1003250,728977
02/08/2022,1004465,729459
03/08/2022,1005774,729961
04/08/2022,1007077,730517
05/08/2022,1008664,731190
06/08/2022,1009778,731716
07/08/2022,1010634,732104
08/08/2022,1011795,732542
09/08/2022,1012990,732971
10/08/2022,1014237,733411
11/08/2022,1015413,733807
12/08/2022,1017119,734488
13/08/2022,1018243,734983
14/08/2022,1019098,735341
15/08/2022,1020445,735841
16/08/2022,1021688,736304
17/08/2022,1022870,736751
18/08/2022,1024141,737266
19/08/2022,1025705,737843
20/08/2022,1026833,738305
21/08/2022,1027648,738677
22/08/2022,1028773,739092
23/08/2022,1029832,739473
24/08/2022,1030994,739917
25/08/2022,1032260,740403
26/08/2022,1033817,741028
27/08/2022,1035804,741792
28/08/2022,1036984,742234
29/08/2022,1038368,742803
30/08/2022,1038368,742803
31/08/2022,1039880,743327
01/09/2022,1041428,743941
02/09/2022,1043140,744629
03/09/2022,1044463,745133
04/09/2022,1045241,745536
05/09/2022,1046433,745961
06/09/2022,1047616,746390
07/09/2022,1048780,746841
08/09/2022,1050060,747285
09/09/2022,1051744,747968
10/09/2022,1052933,748413
11/09/2022,1053878,748787
12/09/2022,1055058,749222
13/09/2022,1056328,749668
14/09/2022,1057790,750210
15/09/2022,1059570,750833
16/09/2022,1060663,751332
17/09/2022,1061826,751805
18/09/2022,1062755,752215
19/09/2022,1063923,752680
20/09/2022,1065115,753171
21/09/2022,1066377,753699
22/09/2022,1067729,754306
23/09/2022,1069333,755015
24/09/2022,1070483,755514
25/09/2022,1071452,755898
26/09/2022,1072651,756347
27/09/2022,1073836,756811
28/09/2022,1075126,757319
29/09/2022,1076706,757966
30/09/2022,1078556,758795
01/10/2022,1080016,759383
02/10/2022,1081102,759829
03/10/2022,1082546,760399
04/10/2022,1083828,760943
05/10/2022,1085109,761523
06/10/2022,1086627,762118
07/10/2022,1088387,762860
08/10/2022,1089636,763396
09/10/2022,1090616,763806
10/10/2022,1091883,764278
11/10/2022,1093145,764856
12/10/2022,1094410,765371
13/10/2022,1095945,765976
14/10/2022,1097977,766851
15/10/2022,1099609,767472
16/10/2022,1100826,767953
17/10/2022,1102323,768512
18/10/2022,1103705,769088
19/10/2022,1105151,769643
20/10/2022,1106721,770284
21/10/2022,1108503,771074
22/10/2022,1109760,771597
23/10/2022,1110803,772009
24/10/2022,1112090,772488
25/10/2022,1113300,772996
26/10/2022,1114662,773587
27/10/2022,1116070,774210
28/10/2022,1118061,775075
29/10/2022,1119485,775676
30/10/2022,1120616,776147
31/10/2022,1122059,776683
01/11/2022,1123575,777296
02/11/2022,1124903,777787
03/11/2022,1126462,778398
04/11/2022,1128257,779103
05/11/2022,1129778,779675
06/11/2022,1130857,780014
07/11/2022,1132401,780527
08/11/2022,1133714,781059
09/11/2022,1135146,781681
10/11/2022,1136667,782325
11/11/2022,1138350,783061
12/11/2022,1139717,783596
13/11/2022,1140698,784002
14/11/2022,1142098,784576
15/11/2022,1143855,785280
16/11/2022,1145380,785955
17/11/2022,1147020,786616
18/11/2022,1148825,787353
19/11/2022,1150182,787898
20/11/2022,1151236,788346
21/11/2022,1152245,788728
22/11/2022,1153441,789152
23/11/2022,1154791,789694
24/11/2022,1156217,790328
25/11/2022,1157768,790973
26/11/2022,1158968,791491
27/11/2022,1159947,791860
28/11/2022,1161297,792355
29/11/2022,1162865,792996
30/11/2022,1164734,793625
01/12/2022,1166503,794269
02/12/2022,1168495,795147
03/12/2022,1169974,795774
04/12/2022,1171111,796217
05/12/2022,1172721,796745
06/12/2022,1174228,797186
07/12/2022,1175619,797709
08/12/2022,1177269,798366
09/12/2022,1179042,799079
10/12/2022,1180496,799658
11/12/2022,1181666,800151
12/12/2022,1183080,800651
13/12/2022,1184559,801205
14/12/2022,1186230,801890
15/12/2022,1188176,802688
16/12/2022,1190078,803542
17/12/2022,1192689,803904
18/12/2022,1193898,804390
19/12/2022,1195396,804983
20/12/2022,1196923,805597
21/12/2022,1198449,806198
22/12/2022,1199967,806857
23/12/2022,1201552,807476
24/12/2022,1202755,807856
25/12/2022,1203334,808110
26/12/2022,1204498,808518
27/12/2022,1205647,808933
28/12/2022,1206907,809394
29/12/2022,1208402,809994
30/12/2022,1210204,810558
31/12/2022,1211521,810947
01/01/2023,1212266,811209
02/01/2023,1213826,811665
03/01/2023,1215497,812132
04/01/2023,1217051,812641
05/01/2023,1218884,813287
06/01/2023,1220589,813914
07/01/2023,1221832,814377
08/01/2023,1222838,814736
09/01/2023,1224468,815171
10/01/2023,1226049,815636
11/01/2023,1227513,816127
12/01/2023,1229066,816604
13/01/2023,1231154,817316
14/01/2023,1232536,817836
15/01/2023,1233759,818252
16/01/2023,1235516,818737
17/01/2023,1237038,819179
18/01/2023,1238600,819643
19/01/2023,1240103,820135
20/01/2023,1241585,820618
21/01/2023,1242749,821070
22/01/2023,1243692,821424
23/01/2023,1245008,821839
24/01/2023,1246316,822238
25/01/2023,1247614,822646
26/01/2023,1248930,823117
27/01/2023,1250590,823756
28/01/2023,1251834,824192
29/01/2023,1252708,824489
30/01/2023,1254201,824920
31/01/2023,1255790,825482
01/02/2023,1257336,826032
02/02/2023,1258944,826630
03/02/2023,1260706,827300
04/02/2023,1262012,827690
05/02/2023,1263084,828035
06/02/2023,1264315,828349
07/02/2023,1265841,828780
08/02/2023,1267257,829231
09/02/2023,1268623,829721
10/02/2023,1270271,830262
11/02/2023,1271365,830649
12/02/2023,1272259,831012
13/02/2023,1273598,831413
14/02/2023,1275008,831923
15/02/2023,1276516,832419
16/02/2023,1278028,832905
17/02/2023,1279720,833503
18/02/2023,1280886,833933
19/02/2023,1281807,834257
20/02/2023,1283002,834601
21/02/2023,1284156,834954
22/02/2023,1285301,835371
23/02/2023,1286608,835823
24/02/2023,1288161,836408
25/02/2023,1289208,836792
26/02/2023,1290000,837115
27/02/2023,1291329,837474
28/02/2023,1293119,838003
01/03/2023,1294877,838498
02/03/2023,1296746,838953
03/03/2023,1298733,839632
04/03/2023,1300174,840074
05/03/2023,1301411,840455
06/03/2023,1303117,840831
07/03/2023,1304531,841279
08/03/2023,1305981,841727
09/03/2023,1307457,842264
10/03/2023,1309225,842951
11/03/2023,1310349,843406
12/03/2023,1311084,843710
13/03/2023,1312339,844118
14/03/2023,1313822,844617
15/03/2023,1315462,845201
16/03/2023,1317149,845894
17/03/2023,1318865,846603
18/03/2023,1320003,847060
19/03/2023,1320798,847417
20/03/2023,1321823,847752
21/03/2023,1323062,848148
22/03/2023,1324399,848588
23/03/2023,1325806,849080
24/03/2023,1327370,849726
25/03/2023,1328516,850168
26/03/2023,1329415,850524
27/03/2023,1330741,850978
28/03/2023,1332193,851393
29/03/2023,1333792,851907
30/03/2023,1335819,852554
31/03/2023,1338091,853232
01/04/2023,1339607,853762
02/04/2023,1340638,854127
03/04/2023,1341941,854585
04/04/2023,1343296,855059
05/04/2023,1344866,855649
06/04/2023,1346270,856115
07/04/2023,1347316,856471
08/04/2023,1348351,856841
09/04/2023,1349211,857135
10/04/2023,1350547,857496
11/04/2023,1351774,857900
12/04/2023,1353015,858317
13/04/2023,1354382,858859
14/04/2023,1356141,859527
15/04/2023,1357587,860156
16/04/2023,1358664,860531
17/04/2023,1359985,861001
18/04/2023,1361311,861490
19/04/2023,1362650,862008
20/04/2023,1364092,862511
21/04/2023,1365682,863173
22/04/2023,1366869,863633
23/04/2023,1367803,863961
24/04/2023,1369022,864386
25/04/2023,1370380,864882
26/04/2023,1371725,865375
27/04/2023,1373275,865964
28/04/2023,1375220,866803
29/04/2023,1376683,867368
30/04/2023,1377676,867742
01/05/2023,1378781,868076
02/05/2023,1380012,868530
03/05/2023,1381269,869016
04/05/2023,1382591,869513
05/05/2023,1384235,870127
06/05/2023,1385466,870559
07/05/2023,1386339,870906
08/05/2023,1387459,871285
09/05/2023,1388757,871775
10/05/2023,1389956,872241
11/05/2023,1391303,872724
12/05/2023,1393020,873351
13/05/2023,1394318,873831
14/05/2023,1395208,874133
15/05/2023,1396658,874585
16/05/2023,1398098,875061
17/05/2023,1399472,875532
18/05/2023,1400969,876113
19/05/2023,1402605,876688
20/05/2023,1403810,877104
21/05/2023,1404733,877401
22/05/2023,1406013,877753
23/05/2023,1407209,878205
24/05/2023,1408519,878655
25/05/2023,1409939,879260
26/05/2023,1411672,879940
27/05/2023,1412806,880335
28/05/2023,1413773,880641
29/05/2023,1415133,881132
30/05/2023,1416736,881634
31/05/2023,1418295,882183
01/06/2023,1420038,882840
02/06/2023,1421781,883455
03/06/2023,1423012,883858
04/06/2023,1424047,884221
05/06/2023,1425564,884622
06/06/2023,1427038,885071
07/06/2023,1428411,885550
08/06/2023,1429818,886052
09/06/2023,1431500,886633
10/06/2023,1432769,887064
11/06/2023,1433774,887375
12/06/2023,1435002,887736
13/06/2023,1436367,888124
14/06/2023,1437949,888631
15/06/2023,1439845,889148
16/06/2023,1441791,889739
17/06/2023,1443028,890155
18/06/2023,1443958,890448
19/06/2023,1445247,890868
20/06/2023,1446589,891252
21/06/2023,1447841,891670
22/06/2023,1449316,892174
23/06/2023,1450874,892698
24/06/2023,1452059,893081
25/06/2023,1452945,893343
26/06/2023,1454262,893673
27/06/2023,1455415,894082
28/06/2023,1456673,894520
29/06/2023,1458148,895040
30/06/2023,1460038,895682
01/07/2023,1461312,896086
02/07/2023,1462209,896372
03/07/2023,1463494,896811
04/07/2023,1464659,897264
05/07/2023,1466074,897731
06/07/2023,1467526,898233
07/07/2023,1469084,898778
08/07/2023,1470176,899170
09/07/2023,1471012,899465
10/07/2023,1472081,899807
11/07/2023,1473157,900209
12/07/2023,1474237,900633
13/07/2023,1475487,901131
14/07/2023,1477221,901759
15/07/2023,1478420,902171
16/07/2023,1479244,902477
17/07/2023,1480382,902878
18/07/2023,1481489,903259
19/07/2023,1482524,903593
20/07/2023,1483649,904011
21/07/2023,1484978,904455
22/07/2023,1485904,904739
23/07/2023,1486627,904974
24/07/2023,1487666,905326
25/07/2023,1488769,905713
26/07/2023,1490431,906278
27/07/2023,1491096,906494
28/07/2023,1492727,907060
29/07/2023,1493956,907498
30/07/2023,1494902,907841
31/07/2023,1496249,908270
01/08/2023,1497687,908634
02/08/2023,1499072,909172
03/08/2023,1500924,910333
04/08/2023,1502771,911121
05/08/2023,1504075,911581
06/08/2023,1505053,911907
07/08/2023,1506423,912345
08/08/2023,1507788,912820
09/08/2023,1509254,913470
10/08/2023,1510960,914545
11/08/2023,1512519,915225
12/08/2023,1513666,915655
13/08/2023,1514565,915996
14/08/2023,1515982,916501
15/08/2023,1517684,917151
16/08/2023,1519220,917875
17/08/2023,1520905,918946
18/08/2023,1522504,919648
19/08/2023,1523627,920071
20/08/2023,1524459,920390
21/08/2023,1525742,920860
22/08/2023,1527066,921477
23/08/2023,1528268,922081
24/08/2023,1529733,922970
25/08/2023,1531319,923750
26/08/2023,1532518,924183
27/08/2023,1533465,924485
28/08/2023,1534760,925006
29/08/2023,1536207,925706
30/08/2023,1537881,926445
31/08/2023,1539651,927101
01/09/2023,1541491,927764
02/09/2023,1543017,928211
03/09/2023,1544082,928536
04/09/2023,1545648,929016
05/09/2023,1547114,929462
06/09/2023,1548451,930004
07/09/2023,1550018,930716
08/09/2023,1551725,931348
09/09/2023,1552931,931751
10/09/2023,1553713,931908
11/09/2023,1554881,932162
12/09/2023,1556168,932636
13/09/2023,1557395,933123
14/09/2023,1558957,933690
15/09/2023,1560567,934322
16/09/2023,1561629,934705
17/09/2023,1562530,934991
18/09/2023,1563889,935413
19/09/2023,1565018,935802
20/09/2023,1566271,936294
21/09/2023,1567625,936745
22/09/2023,1568982,937250
23/09/2023,1570066,937603
24/09/2023,1570942,937879
25/09/2023,1571996,938206
26/09/2023,1573017,938513
27/09/2023,1574116,938825
28/09/2023,1575393,939264
29/09/2023,1577027,939798
30/09/2023,1578377,940214
01/10/2023,1579389,940486
02/10/2023,1582009,941192
03/10/2023,1583393,941613
04/10/2023,1584947,942117
05/10/2023,1586629,942587
06/10/2023,1587801,942906
07/10/2023,1588636,943134
08/10/2023,1588636,943134
09/10/2023,1589927,943468
10/10/2023,1591155,943775
11/10/2023,1592286,944073
12/10/2023,1593529,944434
13/10/2023,1595159,944944
14/10/2023,1596453,945301
15/10/2023,1597504,945585
16/10/2023,1598960,945919
17/10/2023,1600146,946254
18/10/2023,1601461,946678
19/10/2023,1602783,947079
20/10/2023,1604300,947523
21/10/2023,1605489,947840
22/10/2023,1606364,948077
23/10/2023,1607654,948381
24/10/2023,1608761,948703
25/10/2023,1609821,949016
26/10/2023,1611052,949399
27/10/2023,1612561,949880
28/10/2023,1613764,950207
29/10/2023,1614643,950437
30/10/2023,1615954,950803
31/10/2023,1617380,951272
01/11/2023,1618720,951684
02/11/2023,1619877,951926
03/11/2023,1621428,952353
04/11/2023,1622646,952654
05/11/2023,1623649,952904
06/11/2023,1625028,953224
07/11/2023,1626211,953533
08/11/2023,1627604,953901
09/11/2023,1628954,954330
10/11/2023,1630403,954765
11/11/2023,1631524,955073
12/11/2023,1632415,955332
13/11/2023,1633569,955617
14/11/2023,1634986,955968
15/11/2023,1636651,956405
16/11/2023,1638215,956899
17/11/2023,1639864,957365
18/11/2023,1641016,957711
19/11/2023,1641875,957981
20/11/2023,1642906,958227
21/11/2023,1644072,958578
22/11/2023,1645274,958931
23/11/2023,1646590,959331
24/11/2023,1648000,959767
25/11/2023,1649079,960084
26/11/2023,1649978,960320
27/11/2023,1651046,960640
28/11/2023,1652215,961027
29/11/2023,1653550,961436
30/11/2023,1655373,961942
01/12/2023,1657232,962471
02/12/2023,1658538,962846
03/12/2023,1659484,963102
04/12/2023,1660833,963477
05/12/2023,1662316,963889
06/12/2023,1663863,964330
07/12/2023,1665329,964811
08/12/2023,1667090,965356
09/12/2023,1668358,965722
10/12/2023,1669374,965961
11/12/2023,1670740,966322
12/12/2023,1672057,966677
13/12/2023,1673463,967074
14/12/2023,1675212,967565
15/12/2023,1677001,968034
16/12/2023,1679030,968367
17/12/2023,1680162,968673
18/12/2023,1681889,969054
19/12/2023,1683399,969519
20/12/2023,1684837,969975
21/12/2023,1686362,970436
22/12/2023,1687886,970856
23/12/2023,1689152,971165
24/12/2023,1690011,971362
25/12/2023,1690626,971530
26/12/2023,1691684,971784
27/12/2023,1692844,972089
28/12/2023,1694170,972414
29/12/2023,1695741,972812
30/12/2023,1697034,973132
31/12/2023,1697977,973330
01/01/2024,1698763,973505
02/01/2024,1700285,973851
03/01/2024,1701913,974211
04/01/2024,1703617,974609
05/01/2024,1705621,975072
06/01/2024,1706824,975360
07/01/2024,1707780,975573
08/01/2024,1709325,975845
09/01/2024,1710924,976164
10/01/2024,1712605,976462
11/01/2024,1714321,976833
12/01/2024,1716327,977282
13/01/2024,1718522,977563
14/01/2024,1720469,977801
15/01/2024,1722533,978128
16/01/2024,1724385,978457
17/01/2024,1725998,978749
18/01/2024,1727761,979100
19/01/2024,1729540,979526
20/01/2024,1730853,979827
21/01/2024,1731864,980038
22/01/2024,1733369,980288
23/01/2024,1734826,980560
24/01/2024,1736300,980876
25/01/2024,1737917,981197
26/01/2024,1739633,981594
27/01/2024,1740922,981873
28/01/2024,1741951,982086
29/01/2024,1743573,982399
30/01/2024,1745537,982726
31/01/2024,1747888,983091
01/02/2024,1749675,983544
02/02/2024,1751452,983960
03/02/2024,1752725,984230
04/02/2024,1753760,984429
05/02/2024,1755038,984646
06/02/2024,1756791,984961
07/02/2024,1758417,985292
08/02/2024,1760323,985648
09/02/2024,1762257,986063
10/02/2024,1763523,986366
11/02/2024,1764513,986583
12/02/2024,1765951,986881
13/02/2024,1767342,987197
14/02/2024,1768775,987527
15/02/2024,1770581,987901
16/02/2024,1772485,988293
17/02/2024,1773745,988601
18/02/2024,1774690,988810
19/02/2024,1776287,989085
20/02/2024,1777836,989378
21/02/2024,1779372,989662
22/02/2024,1780913,990021
23/02/2024,1782583,990392
24/02/2024,1783780,990663
25/02/2024,1784650,990871
26/02/2024,1786104,991158
27/02/2024,1787551,991438
28/02/2024,1789292,991768
29/02/2024,1791353,992147
01/03/2024,1793231,992567
02/03/2024,1794758,992887
03/03/2024,1795883,993121
04/03/2024,1797866,993450
05/03/2024,1799776,993773
06/03/2024,1801387,994078
07/03/2024,1803031,994408
08/03/2024,1804717,994802
09/03/2024,1805913,995079
10/03/2024,1806892,995268
11/03/2024,1808254,995550
12/03/2024,1809743,995876
13/03/2024,1811254,996209
14/03/2024,1812982,996627
15/03/2024,1815090,997076
16/03/2024,1816511,997381
17/03/2024,1817442,997626
18/03/2024,1818593,997855
19/03/2024,1820075,998138
20/03/2024,1821615,998410
21/03/2024,1823168,998722
22/03/2024,1824830,999102
23/03/2024,1825985,999391
24/03/2024,1826854,999577
25/03/2024,1828316,999841
26/03/2024,1829894,1000153
27/03/2024,1831914,1000519
28/03/2024,1833799,1000832
29/03/2024,1835197,1001082
30/03/2024,1836514,1001285
31/03/2024,1838024,1001477
01/04/2024,1839701,1001754
02/04/2024,1841143,1002051
03/04/2024,1842507,1002373
04/04/2024,1844015,1002693
05/04/2024,1845746,1003101
06/04/2024,1847033,1003373
07/04/2024,1848056,1003586
08/04/2024,1849412,1003830
09/04/2024,1850800,1004139
10/04/2024,1852161,1004440
11/04/2024,1853656,1004786
12/04/2024,1855461,1005212
13/04/2024,1856828,1005505
14/04/2024,1857877,1005726
15/04/2024,1859622,1006032
16/04/2024,1861185,1006347
17/04/2024,1862737,1006666
18/04/2024,1864312,1007013
19/04/2024,1865948,1007400
20/04/2024,1866850,1007530
21/04/2024,1867925,1007764
22/04/2024,1869297,1008022
23/04/2024,1870625,1008291
24/04/2024,1871913,1008601
25/04/2024,1873184,1008844
26/04/2024,1874850,1009227
27/04/2024,1876075,1009493
28/04/2024,1877127,1009665
29/04/2024,1878691,1009943
30/04/2024,1880584,1010250
01/05/2024,1881944,1010495
02/05/2024,1883448,1010849
03/05/2024,1885053,1011183
04/05/2024,1886261,1011430
05/05/2024,1887216,1011619
06/05/2024,1888602,1011864
07/05/2024,1889985,1012132
08/05/2024,1891339,1012400
09/05/2024,1892857,1012734
10/05/2024,1894318,1013073
11/05/2024,1895427,1013296
12/05/2024,1896370,1013479
13/05/2024,1897935,1013767
14/05/2024,1899502,1014071
15/05/2024,1901223,1014409
16/05/2024,1902927,1014723
17/05/2024,1904618,1015062
18/05/2024,1905783,1015311
19/05/2024,1906686,1015496
20/05/2024,1908090,1015780
21/05/2024,1909459,1016042
22/05/2024,1910776,1016298
23/05/2024,1912205,1016572
24/05/2024,1913849,1016895
25/05/2024,1914904,1017106
26/05/2024,1915726,1017266
27/05/2024,1916927,1017493
28/05/2024,1918303,1017762
29/05/2024,1919724,1018015
30/05/2024,1921387,1018325
31/05/2024,1923360,1018700
01/06/2024,1924588,1018971
02/06/2024,1925465,1019144
03/06/2024,1926814,1019410
04/06/2024,1928202,1019669
05/06/2024,1929620,1019950
06/06/2024,1931144,1020228
07/06/2024,1932608,1020540
08/06/2024,1933702,1020716
09/06/2024,1934537,1020877
10/06/2024,1935783,1021077
11/06/2024,1937000,1021284
12/06/2024,1938359,1021526
13/06/2024,1939786,1021818
14/06/2024,1941686,1022169
15/06/2024,1942844,1022414
16/06/2024,1943724,1022589
17/06/2024,1945015,1022821
18/06/2024,1946200,1023057
19/06/2024,1947450,1023313
20/06/2024,1948684,1023562
21/06/2024,1950029,1023822
22/06/2024,1950952,1024020
23/06/2024,1951691,1024150
24/06/2024,1952768,1024382
25/06/2024,1953845,1024571
26/06/2024,1955023,1024772
27/06/2024,1956222,1025013
28/06/2024,1957542,1025280
29/06/2024,1958569,1025449
30/06/2024,1959372,1025585
01/07/2024,1960510,1025795
02/07/2024,1961478,1025970
03/07/2024,1962522,1026163
04/07/2024,1963629,1026364
05/07/2024,1964848,1026602
06/07/2024,1965725,1026748
07/07/2024,1966356,1026910
08/07/2024,1967582,1027091
09/07/2024,1968688,1027286
10/07/2024,1970144,1027491
11/07/2024,1971519,1027727
12/07/2024,1973040,1028025
13/07/2024,1974146,1028239
14/07/2024,1975049,1028394
15/07/2024,1976572,1028625
16/07/2024,1977856,1028832
17/07/2024,1979122,1029021
18/07/2024,1980407,1029235
19/07/2024,1981779,1029509
20/07/2024,1982815,1029715
21/07/2024,1983726,1029871
22/07/2024,1984878,1030039
23/07/2024,1986048,1030190
24/07/2024,1987164,1030380
25/07/2024,1988385,1030612
26/07/2024,1989756,1030896
27/07/2024,1990778,1031083
28/07/2024,1991620,1031227
29/07/2024,1992851,1031403
30/07/2024,1994323,1031626
31/07/2024,1995885,1031843
01/08/2024,1997406,1032074
02/08/2024,1998904,1032344
03/08/2024,2000069,1032564
04/08/2024,2001039,1032752
05/08/2024,2002441,1032962
06/08/2024,2003815,1033136
07/08/2024,2004987,1033343
08/08/2024,2006259,1033584
09/08/2024,2007890,1033874
10/08/2024,2008939,1034091
11/08/2024,2009725,1034269
12/08/2024,2011013,1034459
13/08/2024,2012305,1034661
14/08/2024,2013748,1034886
15/08/2024,2015439,1035189
16/08/2024,2017017,1035500
17/08/2024,2018004,1035686
18/08/2024,2018860,1035832
19/08/2024,2020035,1036005
20/08/2024,2021173,1036192
21/08/2024,2022195,1036354
22/08/2024,2023246,1036597
23/08/2024,2024574,1036846
24/08/2024,2025243,1037023
25/08/2024,2025799,1037147
26/08/2024,2026462,1037258
27/08/2024,2027166,1037406
28/08/2024,2028158,1037579
29/08/2024,2029223,1037776
30/08/2024,2030468,1038031
31/08/2024,2031377,1038175
01/09/2024,2032121,1038293
02/09/2024,2033206,1038457
03/09/2024,2034225,1038642
04/09/2024,2035168,1038786
05/09/2024,2036343,1038969
06/09/2024,2037560,1039219
07/09/2024,2038361,1039385
08/09/2024,2039042,1039509
09/09/2024,2039995,1039672
10/09/2024,2040993,1039870
11/09/2024,2041943,1040039
12/09/2024,2043037,1040250
13/09/2024,2044334,1040462
14/09/2024,2045263,1040629
15/09/2024,2045825,1040770
16/09/2024,2046377,1040886
17/09/2024,2047308,1041050
18/09/2024,2048184,1041243
19/09/2024,2049206,1041441
20/09/2024,2050339,1041656
21/09/2024,2051095,1041816
22/09/2024,2051639,1041902
23/09/2024,2052515,1042033
24/09/2024,2053413,1042176
25/09/2024,2054312,1042338
26/09/2024,2055253,1042503
27/09/2024,2056378,1042746
28/09/2024,2057169,1042921
29/09/2024,2057792,1043018
30/09/2024,2058804,1043193
01/10/2024,2059624,1043322
02/10/2024,2060648,1043472
03/10/2024,2061673,1043659
04/10/2024,2062784,1043848
05/10/2024,2063727,1043983
06/10/2024,2064343,1044076
07/10/2024,2065253,1044207
08/10/2024,2066126,1044342
09/10/2024,2067014,1044503
10/10/2024,2067974,1044700
11/10/2024,2068968,1044912
12/10/2024,2069714,1045070
13/10/2024,2070249,1045183
14/10/2024,2071176,1045330
15/10/2024,2072258,1045504
16/10/2024,2073490,1045854
17/10/2024,2074618,1046091
18/10/2024,2075710,1046356
19/10/2024,2076495,1046500
20/10/2024,2077146,1046623
21/10/2024,2078212,1046772
22/10/2024,2079238,1046919
23/10/2024,2080252,1047084
24/10/2024,2081400,1047280
25/10/2024,2082711,1047544
26/10/2024,2083543,1047706
27/10/2024,2084150,1047844
28/10/2024,2085095,1047978
29/10/2024,2086138,1048153
30/10/2024,2087210,1048293
31/10/2024,2088403,1048490
01/11/2024,2089716,1048706
02/11/2024,2090662,1048846
03/11/2024,2091439,1048944
04/11/2024,2092630,1049103
05/11/2024,2093807,1049225
06/11/2024,2094981,1049389
07/11/2024,2096191,1049552
08/11/2024,2097441,1049789
09/11/2024,2098302,1049923
10/11/2024,2098930,1050015
11/11/2024,2099915,1050141
12/11/2024,2100923,1050286
13/11/2024,2101963,1050437
14/11/2024,2103174,1050635
15/11/2024,2104544,1050869
16/11/2024,2105546,1051026
17/11/2024,2106218,1051149
18/11/2024,2106951,1051268
19/11/2024,2107866,1051402
20/11/2024,2108765,1051558
21/11/2024,2109754,1051754
22/11/2024,2110774,1051951
23/11/2024,2111454,1052099
24/11/2024,2112017,1052196
25/11/2024,2112836,1052339
26/11/2024,2113666,1052472
27/11/2024,2114570,1052599
28/11/2024,2115673,1052786
29/11/2024,2117054,1053020
30/11/2024,2117896,1053154
01/12/2024,2118571,1053280
02/12/2024,2119604,1053432
03/12/2024,2120532,1053596
04/12/2024,2121716,1053767
05/12/2024,2123105,1053956
06/12/2024,2124529,1054191
07/12/2024,2125395,1054333
08/12/2024,2126141,1054448
09/12/2024,2127384,1054583
10/12/2024,2128616,1054744
11/12/2024,2129958,1054938
12/12/2024,2131190,1055073
13/12/2024,2132641,1055258
14/12/2024,2134052,1055395
15/12/2024,2135031,1055511
16/12/2024,2136446,1055658
17/12/2024,2137791,1055805
18/12/2024,2139178,1055973
19/12/2024,2140560,1056147
20/12/2024,2141955,1056341
21/12/2024,2143027,1056467
22/12/2024,2143980,1056560
23/12/2024,2145245,1056708
24/12/2024,2146388,1056827
25/12/2024,2147067,1056897
26/12/2024,2148475,1057008
27/12/2024,2149928,1057149
28/12/2024,2151141,1057268
29/12/2024,2152153,1057363
30/12/2024,2153674,1057474
31/12/2024,2155038,1057591
01/01/2025,2156000,1057668
02/01/2025,2158124,1057792
03/01/2025,2160199,1057936
04/01/2025,2161838,1058047
05/01/2025,2163201,1058173
06/01/2025,2165387,1058326
07/01/2025,2167369,1058451
08/01/2025,2169452,1058557
09/01/2025,2171440,1058700
10/01/2025,2173638,1058870
11/01/2025,2174833,1058979
12/01/2025,2176018,1059048
13/01/2025,2177961,1059168
14/01/2025,2180008,1059310
15/01/2025,2182281,1059439
16/01/2025,2184218,1059528
17/01/2025,2186323,1059691
18/01/2025,2187691,1059800
19/01/2025,2188833,1059893
20/01/2025,2190748,1059990
21/01/2025,2192443,1060097
22/01/2025,2194052,1060228
23/01/2025,2195716,1060360
24/01/2025,2197416,1060519
25/01/2025,2198595,1060616
26/01/2025,2199657,1060720
27/01/2025,2201396,1060810
28/01/2025,2203190,1060895
29/01/2025,2205790,1061017
30/01/2025,2208646,1061181
31/01/2025,2211456,1061376
01/02/2025,2212924,1061493
02/02/2025,2213985,1061568
03/02/2025,2215352,1061652
04/02/2025,2217094,1061749
05/02/2025,2218803,1061851
06/02/2025,2220611,1061982
07/02/2025,2222332,1062138
08/02/2025,2223470,1062239
09/02/2025,2224441,1062320
10/02/2025,2225953,1062429
11/02/2025,2227393,1062544
12/02/2025,2228816,1062644
13/02/2025,2230249,1062786
14/02/2025,2232002,1062965
15/02/2025,2233335,1063063
16/02/2025,2234414,1063140
17/02/2025,2236027,1063256
18/02/2025,2237668,1063351
19/02/2025,2239345,1063452
20/02/2025,2241080,1063573
21/02/2025,2243063,1063712
22/02/2025,2245141,1063801
23/02/2025,2247457,1063878
24/02/2025,2250491,1063957
25/02/2025,2253229,1064060
26/02/2025,2254652,1064157
27/02/2025,2256143,1064300
28/02/2025,2257990,1064478
01/03/2025,2259259,1064584
02/03/2025,2260279,1064676
03/03/2025,2261826,1064780
04/03/2025,2263353,1064866
05/03/2025,2264769,1064968
06/03/2025,2266265,1065079
07/03/2025,2267678,1065226
08/03/2025,2268741,1065309
09/03/2025,2269630,1065396
10/03/2025,2270973,1065490
11/03/2025,2272272,1065579
12/03/2025,2273516,1065679
13/03/2025,2274846,1065794
14/03/2025,2276644,1065961
15/03/2025,2278002,1066064
16/03/2025,2278951,1066159
17/03/2025,2280107,1066253
18/03/2025,2281682,1066339
19/03/2025,2283176,1066427
20/03/2025,2284449,1066545
21/03/2025,2285823,1066673
22/03/2025,2286799,1066755
23/03/2025,2287705,1066824
24/03/2025,2288975,1066900
25/03/2025,2290230,1066981
26/03/2025,2291650,1067098
27/03/2025,2293131,1067242
28/03/2025,2295004,1067415
29/03/2025,2296388,1067512
30/03/2025,2297598,1067591
31/03/2025,2299674,1067703
01/04/2025,2301140,1067840
02/04/2025,2302406,1067979
03/04/2025,2303822,1068146
04/04/2025,2305303,1068320
05/04/2025,2306323,1068422
06/04/2025,2307167,1068515
07/04/2025,2308331,1068629
08/04/2025,2309436,1068740
09/04/2025,2310621,1068868
10/04/2025,2311848,1068997
11/04/2025,2313185,1069174
12/04/2025,2314173,1069272
13/04/2025,2314942,1069374
14/04/2025,2316174,1069488
15/04/2025,2317599,1069617
16/04/2025,2319002,1069764
17/04/2025,2320255,1069898
18/04/2025,2321102,1069985
19/04/2025,2321841,1070052
20/04/2025,2322561,1070125
21/04/2025,2323772,1070218
